Brand,Category,Date,Source,Title,Link,Snippet
Mango,Annual Report,N/A,Corporate PDF,å‘ç° - çŸ¥ä¹,https://www.zhihu.com/explore,çŸ¥ä¹ï¼Œä¸­æ–‡äº’è”ç½‘é«˜è´¨é‡çš„é—®ç­”ç¤¾åŒºå’Œåˆ›ä½œè€…èšé›†çš„åŸåˆ›å†…å®¹å¹³å°ï¼Œäº 2011 å¹´ 1 æœˆæ­£å¼ä¸Šçº¿ï¼Œä»¥ã€Œè®©äººä»¬æ›´å¥½çš„åˆ†äº«çŸ¥è¯†ã€ç»éªŒå’Œè§è§£ï¼Œæ‰¾åˆ°è‡ªå·±çš„è§£ç­”ã€ä¸ºå“ç‰Œä½¿å‘½ã€‚çŸ¥ä¹å‡­å€Ÿè®¤çœŸã€ä¸“ä¸šã€å‹å–„çš„ç¤¾åŒº â€¦
Mango,Annual Report,N/A,Corporate PDF,mangoå’ŒzaraåŒæ˜¯è¥¿ç­ç‰™æœè£…å“ç‰Œï¼Œè¯·é—®ä¸¤è€…çš„åŒºåˆ«å’Œå®šä½ä¸Šçš„åŒºåˆ«ï¼Ÿ â€¦,https://www.zhihu.com/question/27290861,Mangoæ•´ä½“é£æ ¼åèŒåœºï¼Œæ›´é€‚åˆ25+çš„èŒåœºæ·‘å¥³ã€‚ ä½†æ˜¯åœ¨æ¬§ç¾ï¼Œä½ èƒ½ç»å¸¸ç¢°åˆ°ä¸‰å››åå²çš„å¥³æ€§åœ¨zaraã€mangoæŒ‘è¡£æœã€‚ ä»–ä»¬ä¼¼ä¹è®¤ä¸ºä¸¤ä¸ªå“ç‰Œæœ‰è®¸å¤šç›¸ä¼¼çš„æ¬¾å¼ï¼ŒåŒ…æ‹¬æ˜æ˜Ÿä¹Ÿå–œæ¬¢ç›´æ¥ç©¿å‡ºè¡—ã€‚ ä¸‹å›¾è¿™æ¡ â€¦
Desigual,Annual Report,N/A,Corporate PDF,Desigualä¸»æ‰“ä»€ä¹ˆé£æ ¼?é€‚åˆä»€ä¹ˆæ ·çš„äººç©¿? - çŸ¥ä¹,https://www.zhihu.com/question/326745422,"29 de may. de 2019 Â· Desigualæ˜¯æ¥è‡ª è¥¿ç­ç‰™ å®¶å–»æˆ·æ™“çš„ä¼‘é—²æœé¥°å“ç‰Œ,åˆ›å§‹äººThomas Meyerä¸€ç›´ç§‰æ‰¿â€œä¸å¯»å¸¸ç©¿æ­è·¯çº¿â€çš„ è®¾è®¡ â€¦"
Desigual,Annual Report,N/A,Corporate PDF,ä¸ºä»€ä¹ˆdesigualçš„è¡£æœè¿™ä¹ˆéš¾çœ‹è¿˜æ²¡æœ‰å€’é—­å“ªï¼Ÿè°èƒ½å‘Šè¯‰æˆ‘å®ƒçš„é­…åŠ› â€¦,https://www.zhihu.com/question/21470572,12 de ago. de 2013 Â· çŸ¥ä¹ï¼Œä¸­æ–‡äº’è”ç½‘é«˜è´¨é‡çš„é—®ç­”ç¤¾åŒºå’Œåˆ›ä½œè€…èšé›†çš„åŸåˆ›å†…å®¹å¹³å°ï¼Œäº 2011 å¹´ 1 æœˆæ­£å¼ä¸Šçº¿ï¼Œä»¥ã€Œè®©äººä»¬æ›´å¥½çš„ â€¦
Bimba y Lola,Annual Report,N/A,Corporate PDF,"Today's Wordle Hint, Answer: #1684 on Wednesday, January 28 ...",https://parade.com/living/wordle-today-hint-answer-1684-mednesday-january-28-2026,"Hace 2 dÃ­as Â· Get Wordle hints and the answer for today's word puzzle from The New York Timesâ€”Wordle #1684â€”on Wednesday, January 28, 2026."
Bimba y Lola,Annual Report,N/A,Corporate PDF,"Wordle Answer for Today, January 30, 2026 | Lifehacker",https://lifehacker.com/entertainment/wordle-nyt-hint-today-january-30-2026,"Hace 11 horas Â· If youâ€™re looking for the Wordle answer for January 30, 2026, read on. Weâ€™ll share some clues, tips, and strategies, and finally the solution."
Loewe,Annual Report,N/A,Corporate PDF,å¦‚ä½•çœ‹å¾…ã€Œéé—ã€æ–‡åŒ–çˆ†ç«ï¼ŒLoeweã€åä¼¦å¤©å¥´ç­‰å¥¢ä¾ˆå“ç‰Œå¤§æ‰“æ–‡åŒ–ç‰Œ â€¦,https://www.zhihu.com/question/12596921825,LOEWEï¼š 2023SS å•è‰²é‡‰ç³»åˆ—/ é™å®šç‰çŸ³åŠé¥°å’Œã€Œç‰ç³»åˆ—ã€ æ–°å“ 2023å¹´æ˜¥å¤é™å®šä»¥ä¸­å›½æ˜æ¸…ç››è¡Œçš„â€œå½©ç“·ä¹‹æ¯â€â€”â€”å•è‰²é‡‰ç“·å™¨ä¸ºçµæ„Ÿï¼ å°†å•è‰²é‡‰æ¸…æ–°é«˜é›…çš„é¢œè‰²è¿ç”¨åˆ°ä¸€ç³»åˆ—ç»å…¸çš®å…·ä¸Šï¼Œä»¥ç°ä»£çš„æ–¹å¼ â€¦
Loewe,Annual Report,N/A,Corporate PDF,ä¸ºä»€ä¹ˆèƒŒç½—æ„å¨loeweçš„è¿™ä¹ˆå°‘? - çŸ¥ä¹,https://www.zhihu.com/question/422367509,å…¶å®loeweç½—æ„å¨è¿™ä¸ªå“ç‰Œæ¯”èµ·LVã€gucciå’Œé¦™å¥ˆå„¿â€œå¹´é¾„â€éƒ½å·®ä¸å¤šï¼Œå®ƒæˆ–è®¸è¿˜è¦æ—©ä¸€äº›ï¼Œåˆ›ç«‹äº1846å¹´ï¼Œæ˜¯è¥¿ç­ç‰™ç™¾å¹´å¥¢ä¾ˆå“å“ç‰Œã€‚ 1846å¹´ï¼ŒLoeweå“ç‰Œçš„å‰èº«â€”â€”ä¸€ä¸ªåˆä½œç¤¾äºè¥¿ç­ç‰™é©¬å¾·é‡Œåˆ›ç«‹ã€‚ â€¦
Tous,Annual Report,N/A,Corporate PDF,"TOUS EspaÃ±a | JoyerÃ­a, Bolsos y Accesorios de Moda - Sitio Oficial",https://www.tous.com/es-es/,"Descubre la tienda oficial online de TOUS con joyerÃ­a, bolsos y accesorios de moda que aportan originalidad y personalidad a tu estilo desde 1920"
Tous,Annual Report,N/A,Corporate PDF,Tous Â· El Corte InglÃ©s,https://www.elcorteingles.es/tous/?msockid=2f9f2a0a641e667202203cfb65d6676b,Explora las Ãºltimas novedades de Tous online en El Corte InglÃ©s. Encuentra ahora todo lo que estabas buscando. Â¡No esperes y compra hoy mismo!
Aristocrazy,Annual Report,N/A,Corporate PDF,1 CNY to INR - Chinese Yuan Renminbi to Indian Rupees Exchange â€¦,https://www.xe.com/en-gb/currencyconverter/convert/?Amount=1&From=CNY&To=INR,Get the latest 1 Chinese Yuan Renminbi to Indian Rupee rate for FREE with the original Universal Currency Converter. Set rate alerts for CNY to INR and learn more about Chinese Yuan Renminbi and Indian â€¦
Aristocrazy,Annual Report,N/A,Corporate PDF,Chinese yuan rmb to Indian rupees today - Wise,https://wise.com/in/currency-converter/cny-to-inr-rate,Convert CNY to INR with the Wise Currency Converter. Analyze historical currency charts or live Chinese yuan rmb / Indian rupee rates and get free rate alerts directly to your email.
Uno de 50,Annual Report,N/A,Corporate PDF,Why is Amazon so bad now? What happened? : r/amazonprime - Reddit,https://www.reddit.com/r/amazonprime/comments/1aqz3kg/why_is_amazon_so_bad_now_what_happened/,"14 de feb. de 2024 Â· Amazon used to be so good years ago. Then it seems like overnight, everything started coming from China and was really bad quality. Anyone can sell on Amazon, and there are â€¦"
Uno de 50,Annual Report,N/A,Corporate PDF,Best Amazon Layoffs Posts - Reddit,https://www.reddit.com/t/amazon_layoffs/,Amazon CFO Celebrates a Record-Breaking year after mass layoffs So Amazon posts revenue of 170 billion but laid off over 27k workers (and counting) in the past year? Wondering who else saw this â€¦
PDPAOLA,Annual Report,N/A,Corporate PDF,outlooké‚®ä»¶æ€ä¹ˆæ’¤å›ï¼Ÿ - çŸ¥ä¹,https://www.zhihu.com/question/3857368482,outlooké‚®ä»¶æ€ä¹ˆæ’¤å›ï¼Ÿç½‘ä¸Šè¯´çš„æŒ‰é’®æ ¹æœ¬æ²¡æœ‰å•Šï¼Œåˆ°åº•æ€ä¹ˆæ’¤å›å•Šï¼Œæœ‰æ²¡æœ‰çœŸçš„ã€çœŸæ­£å¯ä»¥å¸®åŠ©çš„å¤§ä½¬ç°èº«è¯´â€¦
PDPAOLA,Annual Report,N/A,Corporate PDF,æœ‰å“ªäº› INS é£çš„æ½®å“é¦–é¥°æ¨èï¼Ÿ - çŸ¥ä¹,https://www.zhihu.com/question/488916125,æ¥æºï¼šPdpaola åœ¨è¥é”€ç­–ç•¥ä¸Šï¼ŒPdPaola ååˆ†é‡è§†ç¤¾äº¤åª’ä½“è¥é”€ï¼Œç›®å‰åœ¨ç¤¾äº¤åª’ä½“ä¸Šå·² ç´¯è®¡è·ç²‰è¶…è¿‡200ä¸‡ã€‚ ä»å…¶å¸ƒå±€ä¸Šä¹Ÿå¯ä»¥çœ‹å‡ºï¼ŒPdPaola é‡ç‚¹å¸ƒå±€ Instagram å’ŒFacebook ä¸¤å¤§åª’ä½“ï¼Œ å†…å®¹ä»¥äº§å“ â€¦
Majorica,Annual Report,N/A,Corporate PDF,Pensamento do dia - Pensador,https://www.pensador.com/pensamento_do_dia/,"Pensamento do dia. Frases do dia, mensagens e frases curtas do dia. O pensamento que procura do dia para ler e compartilhar."
Majorica,Annual Report,N/A,Corporate PDF,Quote of the Day - BrainyQuote,https://www.brainyquote.com/quote_of_the_day,"Share five inspirational Quotes of the Day with friends on Facebook, Twitter, and blogs. Enjoy our Brainy, Funny, Love, Art and Nature quotes."
Suarez,Annual Report,N/A,Corporate PDF,Luis SuÃ¡rez - Player profile 2026 | Transfermarkt,https://www.transfermarkt.com/luis-suarez/profil/spieler/44352,"Luis SuÃ¡rez, 39, from Uruguay Inter Miami CF, since 2023 Centre-Forward Market value: â‚¬1.50m * 24/01/1987 in Salto, Uruguay"
Suarez,Annual Report,N/A,Corporate PDF,Luis SuÃ¡rez - Titles & achievements | Transfermarkt,https://www.transfermarkt.com/luis-suarez/erfolge/spieler/44352,This statistic shows the achievements of Inter Miami CF player Luis SuÃ¡rez.
Rabat,Annual Report,N/A,Corporate PDF,JoyerÃ­a RABAT | Alta joyerÃ­a y relojerÃ­a de lujo desde 1977,https://www.rabat.net/es,Descubra la alta joyerÃ­a y relojerÃ­a de lujo en RABAT. Artesanos expertos desde 1977 y distribuidor oficial de Rolex. Visite nuestras â€¦
Rabat,Annual Report,N/A,Corporate PDF,"Rabat - Wikipedia, la enciclopedia libre",https://es.wikipedia.org/wiki/Rabat,Rabat (en Ã¡rabe: Ø§Ù„Ø±Ø¨Ø§Ø· â€; en lenguas bereberes: âµ”âµ”â´±â´°âµŸ) es la capital del reino de Marruecos y de la regiÃ³n Rabat-SalÃ©-Kenitra. EstÃ¡ situada en la â€¦
Festina,Annual Report,N/A,Corporate PDF,302 Found - forum.interia.pl,"https://forum.interia.pl/prawda-to-czy-falsz-tematy,dId,2699913",Found The document has moved here.
Camper,Annual Report,N/A,Corporate PDF,Camper on line: Il portale per chi viaggia in camper! | CamperOnLine,https://www.camperonline.it/home,"Tutto su camper e caravan: notizie, video, listino prezzi, annunci di camper usati e nuovi, aree di sosta, noleggi, accessori, diari di viaggio e forum"
Camper,Annual Report,N/A,Corporate PDF,Camper usati - Annunci e occasioni aggiornate | CamperOnLine,https://www.camperonline.it/camper-usati,"Hace 3 dÃ­as Â· Camper usati: confronta annunci di privati e concessionari con foto, schede tecniche e prezzi aggiornati. Filtra per marca, tipologia, anno e budget."
Pikolinos,Annual Report,N/A,Corporate PDF,WhatsApp Web,https://web.whatsapp.com/,"Log in to WhatsApp Web for simple, reliable and private messaging on your desktop. Send and receive messages and files â€¦"
Pikolinos,Annual Report,N/A,Corporate PDF,WhatsApp Messenger - Apps on Google Play,https://play.google.com/store/apps/details?id=com.whatsapp&hl=en,13 de ene. de 2026 Â· WhatsApp from Meta is a FREE messaging and video calling app. Itâ€™s used by over 2B people in more than â€¦
Munich Sports,Annual Report,N/A,Corporate PDF,Calzado Deportivo y Accesorios | Tienda Oificial MUNICHÂ®,https://www.munichsports.com/es/,"Descubre nuestra selecciÃ³n de calzado deportivo, ropa y otros accesorios. Compra online en MUNICHÂ® Shop."
Munich Sports,Annual Report,N/A,Corporate PDF,Rebajas MUNICH: Zapatillas y Accesorios al 50% de Descuento,https://www.munichsports.com/outlet-rebajas-munich,"Â¡Ãšltimas unidades! Aprovecha las rebajas de MUNICH y llÃ©vate tus zapatillas favoritas con un 50% de descuento. Calidad, diseÃ±o y los â€¦"
Hoff Brand,Annual Report,N/A,Corporate PDF,CO BOARDROOM/CONFERENCE RATES - Camp Orchards,https://www.camporchards.com/wp-content/uploads/2024/06/CAMP-ORCHARDS-ACCOMMODATION-RATES-2024.pdf,CAMP ORCHARDS ACCOMMODATION COTTAGE 3 & 4 One bedroom cottage Sleeps 2 INCLUDES: King size bed Bath and shower
Hoff Brand,Annual Report,N/A,Corporate PDF,Camp Orchards | Cottage | Emberton,https://holidaystays.co.za/hotel/camp-orchards-accommodation,"Camp Orchards, situated at 56C Inanda Road in Hillcrest, is a serene sanctuary featuring walking trails (1km, 2km, and 4km), a Harvest cafe with fresh seasonal foods, picnic areas, cozy cottages, and conference facilities."
Pompeii Brand,Annual Report,N/A,Corporate PDF,POMPEII - We Champion Walking.,https://www.pompeiibrand.com/,"Born in Madrid, Spain in 2014, Pompeii is a lifestyle brand defined by an elegant yet relaxed approach to everyday clothing. We call it â€¦"
Pompeii Brand,Annual Report,N/A,Corporate PDF,Homepage - Pompeii Sites Official Pompeii Archaeological Site,https://pompeiisites.org/en/,"12 de ene. de 2026 Â· Timetables, tickets, map and guide to the excavations of the official Pompeii Archaeological Site, Boscoreale, Oplontis, â€¦"
Joma,Annual Report,N/A,Corporate PDF,Joma - Forum Sport,https://www.forumsport.com/es-es/marcas/joma-JOMA-c,"Compra JOMA en Forum Sport, tu tienda de depotes online. EncontrarÃ¡s JOMA en nuestras secciones de Fitness, Ciclismo, FÃºtbol, Running, Padel, NataciÃ³n Y Playa."
Joma,Annual Report,N/A,Corporate PDF,å¦‚ä½•çœ‹å¾…ç›¸å¯¹å°ä¼—çš„å›½å¤–ä½“è‚²ç”¨å“å“ç‰Œï¼Œä¾‹å¦‚ï¼šKelme / Joma ç­‰ï¼Œåœ¨ â€¦,https://www.zhihu.com/question/42209755,6 de abr. de 2016 Â· ä¸çœ‹å¥½Jomaè¿™ç§å¤§è€Œå…¨çš„å¹³ä»·è¿åŠ¨å“ç‰Œåœ¨ä¸­å›½çš„å‘å±•ï¼Œåœ¨æ¬§æ´²å–åœºè¯•ç©¿è¿‡Jomaçš„è¿åŠ¨æœï¼Œé™¤äº†èµåŠ©å‡ ä¸ªæ¬§æ´²å°çƒé˜Ÿå®åœ¨æ˜¯æ‰¾ä¸åˆ°Jomaè‡ªèº«çš„å¤§æ€å™¨ã€‚é¦–å…ˆæå®ã€å®‰è¸å°±æ˜¯å…¶ä¸å¯é€¾è¶Š â€¦
Scalpers,Annual Report,N/A,Corporate PDF,How do scalpers even make money? : r/PokemonTCG - Reddit,https://www.reddit.com/r/PokemonTCG/comments/16y3y62/how_do_scalpers_even_make_money/,2 de oct. de 2023 Â· How do scalpers even make money? So lately everyone and their mother here talk about how much they hate scalpers deep â€¦
Scalpers,Annual Report,N/A,Corporate PDF,Scalpers ruin everything... : r/PokemonTCG - Reddit,https://www.reddit.com/r/PokemonTCG/comments/178djvh/scalpers_ruin_everything/,Scalpers aren't a new thing for Pokemon. Creating something with such limited access was bound to attract these types and can â€¦
El Ganso,Annual Report,N/A,Corporate PDF,"è¯·é—®ä»€ä¹ˆæ˜¯GL, EL, GLE, ELE, ELCï¼Ÿ_ç™¾åº¦çŸ¥é“",https://zhidao.baidu.com/question/1777847180870318700.html,"5 de nov. de 2023 Â· è¯·é—®ä»€ä¹ˆæ˜¯GL, EL, GLE, ELE, ELCï¼Ÿå°åŒºåŸŸèŒƒå›´çš„å»ºç­‘ï¼ŒGLä½œä¸ºå›¾é¢æ ‡ç¤ºé«˜ç¨‹çš„æ–¹å¼ï¼Œä»¥è®¡ç®—å’Œé“è·¯çš„é«˜å·® â€¦"
El Ganso,Annual Report,N/A,Corporate PDF,æŠ¤ç…§emå’Œelæœ‰ä»€ä¹ˆåŒºåˆ« - ç™¾åº¦çŸ¥é“,https://zhidao.baidu.com/question/1587382118119433900.html,"12 de dic. de 2024 Â· æŠ¤ç…§å·ç ä¸­çš„""EM""ä¸""EL""å‰ç¼€ä»£è¡¨äº†ä¸åŒçš„ç­¾å‘æ—¶é—´å’Œæ‰¹æ¬¡ã€‚éšç€æŠ¤ç…§éœ€æ±‚çš„å¢åŠ ï¼Œä¸ºäº†æ»¡è¶³æ›´å¤šçš„ç¼–å·éœ€ â€¦"
Silbon,Annual Report,N/A,Corporate PDF,SilbonÂ® | COLECCIÃ“N PRIMAVERA VERANO 2026 | Tienda Oficial,https://www.silbonshop.com/es-eu,"Tienda online de SILBON. Descubre la Nueva ColecciÃ³n, CampaÃ±as, LookBook y toda la actualidad de la firma en Dress Code."
Silbon,Annual Report,N/A,Corporate PDF,ColecciÃ³n Silbon Woman | Nueva colecciÃ³n | SILBON,https://www.silbonshop.com/es-eu/collections/mujer,"Ropa mujer en SILBON Online, encuentra la ropa de mujer con los Ãºltimos diseÃ±os y mejores calidades en nuestra tienda online. Â¡EnvÃ­os en 24-48h!"
Ecoalf,Annual Report,N/A,Corporate PDF,CRIE OFERTA - Login,https://crieoferta.com/painel/,Esqueceu sua senha? Clique aqui para recuperÃ¡-la! Precisa limpar os dados de navegaÃ§Ã£o da plataforma? Clique aqui. * VocÃª pode ter uma experiÃªncia ainda melhor baixando nosso aplicativo para windows. â€¦
Ecoalf,Annual Report,N/A,Corporate PDF,Crie Oferta,https://crieoferta.com/,"ConheÃ§a o Crie Oferta, o melhor gerador de encartes e cartazes de oferta do Brasil!"
Hawkers,Annual Report,N/A,Corporate PDF,Gafas de sol HawkersÂ® tienda oficial EspaÃ±a,https://www.hawkersco.com/,"Descubre la colecciÃ³n de gafas de sol Hawkers para hombre y mujer, con opciones polarizadas y Made in Spain. Compra tus gafas de sol â€¦"
Hawkers,Annual Report,N/A,Corporate PDF,HawkersÂ® Sunglasses official store,https://www.hawkersco.com/eu,"Discover the Hawkers sunglasses for men and women and buy your favourites. Polarised sunglasses, mirror sunglasses and Made in â€¦"
Pedro del Hierro,Annual Report,N/A,Corporate PDF,YouTube Help - Google Help,https://support.google.com/youtube/?hl=en,Official YouTube Help Center where you can find tips and tutorials on using YouTube and other answers to frequently asked â€¦
Pedro del Hierro,Annual Report,N/A,Corporate PDF,YouTube Ajuda - Google Help,https://support.google.com/youtube/?hl=pt,Saiba mais sobre o YouTube VÃ­deos de ajuda do YouTube Navegue na nossa biblioteca de vÃ­deos para obter â€¦
Cortefiel,Annual Report,N/A,Corporate PDF,"cortefielæ˜¯ä»€ä¹ˆå›½å®¶ç‰Œå­,ä¸­æ–‡åè¯»ä»€ä¹ˆ_ç™¾åº¦çŸ¥é“",https://zhidao.baidu.com/question/373893613036798212.html,7 de oct. de 2024 Â· Cortefielæ˜¯æºè‡ªè¥¿ç­ç‰™çš„çŸ¥åå“ç‰Œï¼Œå…¶ä¸­æ–‡åè¯»ä½œâ€œæŸ¯ä¸¹è²â€ã€‚ è‡ª1931å¹´åˆ›ç«‹ä»¥æ¥ï¼ŒCortefielå·²æˆä¸ºè¥¿ç­ç‰™Inditexé›†å›¢æ——ä¸‹çš„é‡è¦ä¸€å‘˜ï¼Œä¸Zaraã€Pull & Bearã€Massimo Dutti â€¦
Cortefiel,Annual Report,N/A,Corporate PDF,"cortefielæ˜¯ä»€ä¹ˆå›½å®¶ç‰Œå­,ä¸­æ–‡åè¯»ä»€ä¹ˆ_ç™¾åº¦çŸ¥é“",https://zhidao.baidu.com/question/564926893767073612.html,17 de abr. de 2024 Â· Cortefielæ˜¯è¥¿ç­ç‰™çš„ç‰Œå­ï¼Œä¸­æ–‡åè¯»ä½œæŸ¯ä¸¹è²ã€‚ Cortefielæ˜¯è¥¿ç­ç‰™è‘—åçš„æœè£…å“ç‰Œï¼Œå§‹åˆ›äº1931å¹´ï¼Œéš¶å±äºè¥¿ç­ç‰™Inditexé›†å›¢ï¼Œæ——ä¸‹è¿˜æ‹¥æœ‰Zaraã€Pull & Bearã€Massoimo & Rossi â€¦
Springfield,Annual Report,N/A,Corporate PDF,ä¸ºä»€ä¹ˆç¾å›½æœ‰å¾ˆå¤šåœ°æ–¹å« Springfieldï¼ˆæ˜¥ç”°ï¼‰ï¼Ÿ - çŸ¥ä¹,https://www.zhihu.com/question/20305454,ä¸ºä»€ä¹ˆç¾å›½æœ‰å¾ˆå¤šåœ°æ–¹å« Springfieldï¼ˆæ˜¥ç”°ï¼‰ï¼Ÿ å°æ—¶å€™çœ‹ç¾å›½åœ°å›¾å°±å‘ç°è¿™æ ·çš„æƒ…å†µï¼Œåæ¥çŸ¥é“ç¾å›½å¤§è‡´æœ‰50å¤šä¸ªæ˜¥ç”°ã€‚ è¿™æ˜¯ç”±äºå¼€æ‹“è€…è§‰å¾—è¿™é‡Œæ˜¥å¤©çš„ç”°é‡å¾ˆç¾è€Œå¾—åçš„å—ï¼Ÿ åˆ†å¸ƒæœ‰ä»€ä¹ˆè§„å¾‹å‘¢ï¼Ÿ æ¯”å¦‚æ˜¯ â€¦
Springfield,Annual Report,N/A,Corporate PDF,å¦‚ä½•è¯„ä»·çŸ¥ä¹ç”¨æˆ·@SpringFieldï¼Ÿ - çŸ¥ä¹,https://www.zhihu.com/question/12043775375,12 de feb. de 2025 Â· çŸ¥ä¹ï¼Œä¸­æ–‡äº’è”ç½‘é«˜è´¨é‡çš„é—®ç­”ç¤¾åŒºå’Œåˆ›ä½œè€…èšé›†çš„åŸåˆ›å†…å®¹å¹³å°ï¼Œäº 2011 å¹´ 1 æœˆæ­£å¼ä¸Šçº¿ï¼Œä»¥ã€Œè®©äººä»¬æ›´å¥½çš„åˆ†äº«çŸ¥è¯†ã€ç»éªŒå’Œè§è§£ï¼Œæ‰¾åˆ°è‡ªå·±çš„è§£ç­”ã€ä¸ºå“ç‰Œä½¿å‘½ã€‚çŸ¥ä¹å‡­å€Ÿè®¤çœŸ â€¦
Women'secret,Annual Report,N/A,Corporate PDF,Gender equality and womenâ€™s rights | OHCHR,https://www.ohchr.org/en/topic/gender-equality-and-womens-rights,30 de oct. de 2025 Â· Our work Promoting womenâ€™s human rights and achieving gender equality are core commitments of the UN Human Rights Office. We promote women and girlsâ€™ equal enjoyment of all â€¦
Women'secret,Annual Report,N/A,Corporate PDF,Building a healthier world by women and for women is key to achieving ...,https://www.who.int/news/item/06-03-2025-building-a-healthier-world-by-women-and-for-women-is-key-to-achieving-gender-equality,6 de mar. de 2025 Â· As the world marks the 30th anniversary of the Beijing Declaration and Platform for Action on Women â€“ a landmark blueprint for gender equality â€“ progress remains frustratingly slow. If â€¦
Purificacion Garcia,Annual Report,N/A,Corporate PDF,"Microsoft â€“ AI, Cloud, Productivity, Computing, Gaming & Apps",https://www.microsoft.com/en-us?msockid=1302e2ecec9b6b6c0dc1f41ded1d6add,"Explore Microsoft products and services and support for your home or business. Shop Microsoft 365, Copilot, Teams, Xbox, Windows, Azure, Surface and more."
Purificacion Garcia,Annual Report,N/A,Corporate PDF,Office 365 login,https://www.office.com/,"Collaborate for free with online versions of Microsoft Word, PowerPoint, Excel, and OneNote. Save documents, spreadsheets, and presentations online, in OneDrive."
Adolfo Dominguez,Annual Report,N/A,Corporate PDF,Gmail - Email from Google,https://mail.google.com/mail,"Gmail is email that's intuitive, efficient, and useful. 15 GB of storage, less spam, and mobile access."
Adolfo Dominguez,Annual Report,N/A,Corporate PDF,Gmail â€“ email da Google,https://www.gmail.com/mail/help/intl/pt_pt/about.html?linkId=75998329,"A facilidade e simplicidade do Gmail, disponÃ­vel em todos os seus dispositivos. A caixa de entrada do Gmail ajuda a manter â€¦"
Lola Casademunt,Annual Report,N/A,Corporate PDF,Accueil | Lola,https://lola.hec.uliege.be/,16 de dic. de 2025 Â· ELSA LiÃ¨ge et ConsuLex sont de retour pour la troisiÃ¨me Ã©dition du concours dâ€™Ã©loquence â€¦
Lola Casademunt,Annual Report,N/A,Corporate PDF,Mes cours | Lola,https://lola.hec.uliege.be/my/courses.php,"Vous nâ€™Ãªtes inscrit dans aucun cours Une fois inscrit dans un cours, celui-ci sâ€™affichera ici."
Mayoral,Annual Report,N/A,Corporate PDF,"Mayoral Â® EspaÃ±a | Moda Online para BebÃ©s, NiÃ±as y NiÃ±os",https://www.mayoral.com/es/es/,Mayoral naciÃ³ en 1941 como una modesta empresa de calcetines y medias que ha evolucionado hasta convertirse en un â€¦
Mayoral,Annual Report,N/A,Corporate PDF,Mayoral,http://www.mayoral.net/lat/,"Videos you watch may be added to the TV's watch history and influence TV recommendations. To avoid this, cancel and â€¦"
Panama Jack,Annual Report,N/A,Corporate PDF,Voyage Panama - Partir en vacances au Panama - Routard.com,https://www.routard.com/fr/guide/ameriques/panama,"PrÃ©parez votre voyage au Panama : incontournables et itinÃ©raires, infos culturelles et pratiques, idÃ©es voyage, photos et forum."
Panama Jack,Annual Report,N/A,Corporate PDF,Panama - GÃ©ographie et paysages - Routard.com,https://www.routard.com/fr/guide/a/geographie/ameriques/panama,"DÃ©couvrez la gÃ©ographie et les paysages Panama : rÃ©gions et Ã©cosystÃ¨mes, faune et flore, enjeux environnementaux."
Pretty Ballerinas,Annual Report,N/A,Corporate PDF,prettyæ˜¯ä»€ä¹ˆæ„æ€ - ç™¾åº¦çŸ¥é“,https://zhidao.baidu.com/question/10627489.html,prettyæ˜¯ä»€ä¹ˆæ„æ€ä¸€ã€prettyé‡Šä¹‰ï¼š1ã€adj. æ¼‚äº®çš„ï¼Œå¯çˆ±çš„ï¼Œä¼˜ç¾çš„ï¼›æ‚¦ç›®çš„ï¼ŒåŠ¨å¬çš„ï¼ˆä½†æœªè¾¾åˆ°ä»¤äººå¿ƒåŠ¨çš„ç¨‹åº¦ï¼‰ï¼›ï¼ˆéæ­£å¼ï¼‰å¥½ â€¦
Pretty Ballerinas,Annual Report,N/A,Corporate PDF,"beautiful, pretty, cuteçš„åŒºåˆ«æ˜¯ä»€ä¹ˆï¼Ÿ_ç™¾åº¦çŸ¥é“",https://zhidao.baidu.com/question/1585681976556103700.html,"beautiful, pretty, cuteçš„åŒºåˆ«æ˜¯ä»€ä¹ˆï¼Ÿå•è¯ï¼šBeautifulå«ä¹‰ï¼š ""beautiful""æ˜¯ä¸€ä¸ªå½¢å®¹è¯ï¼Œç”¨æ¥å½¢å®¹æŸäººæˆ–æŸç‰©å…·ç¾ä¸½ã€å¸å¼•äººçš„ â€¦"
Lottusse,Annual Report,N/A,Corporate PDF,Facebook,https://www.facebook.com/,"Log into Facebook to start sharing and connecting with your friends, family, and people you know."
Lottusse,Annual Report,N/A,Corporate PDF,Facebook - Meta,https://www.meta.com/facebook-app/,"Facebook helps you connect with friends, family and communities of people who share your interests. Connecting with your friends and â€¦"
ISDIN,Annual Report,N/A,Corporate PDF,"Lab Supplies, Research Equipment, and Production Essentials | Fisher ...",https://www.fishersci.com/us/en/home.html/,"Discover a wide selection of lab supplies and equipment and enjoy same-day shipping, procurement tools, and trusted support for research institutions."
ISDIN,Annual Report,N/A,Corporate PDF,Save on Equipment and Instruments | Fisher Scientific,https://www.fishersci.com/us/en/scientific-products/categories/equipment-instruments.html,"Choose from a wide range of reliable and accurate equipment and instruments. Whether you need large equipment, like freezers, ovens, and incubators, or small instruments, like microscopes, â€¦"
Natura BissÃ©,Annual Report,N/A,Corporate PDF,æ‚¦ç¢§æ–½ï¼ˆNatura Bisseï¼‰æ˜¯é¡¶çº§æŠ¤è‚¤å“å“ç‰Œå—ï¼Ÿ,https://www.zhihu.com/question/60357993,æ‚¦ç¢§æ–½æ˜¯æ¯”è¾ƒé«˜ç«¯çš„æŠ¤è‚¤å“å“ç‰Œäº†ï¼Œå®£ä¼ çš„æ¯”è¾ƒå°‘ï¼Œæ‰€ä»¥çŸ¥é“çš„äººå¯èƒ½ä¸å¤šã€‚ å®ƒæ˜¯è¥¿ç­ç‰™çš„é«˜ç«¯æŠ¤è‚¤å“ç‰Œï¼Œåˆ›ç«‹äº1979å¹´ï¼Œå“ç‰Œå†…æ¶µæ˜¯ä»¥ç²¾ç²¹ã€è‡ªç„¶ã€ä¼˜é›…ã€å¥¢åä¸ºä¸­å¿ƒï¼Œä¸€å¼€å§‹æ˜¯æœ€å…ˆæ”¶åˆ°è¥¿ç­ç‰™çš‡å®¤çš„å–œçˆ±å’Œè¿½æ§ â€¦
Natura BissÃ©,Annual Report,N/A,Corporate PDF,ã€ŒNATURA ã‚¦ã‚£ãƒ³ã‚°ã‚­ãƒƒãƒãƒ³äº¬æ€¥å·å´åº—ã€ãŒ3æœˆ14æ—¥ï¼ˆé‡‘ï¼‰ã‚ªãƒ¼ãƒ— â€¦,https://www.chiyodagrp.co.jp/press_release/2025/0314_03/,ã€ŒNATURA ã‚¦ã‚£ãƒ³ã‚°ã‚­ãƒƒãƒãƒ³äº¬æ€¥å·å´åº—ã€ãŒ 3æœˆ14æ—¥ï¼ˆé‡‘ï¼‰ã‚ªãƒ¼ãƒ—ãƒ³ ï¼ ã‚¢ãƒ—ãƒªä¼šå“¡é™å®šã®ãŠå¾—ãªã‚­ãƒ£ãƒ³ãƒšãƒ¼ãƒ³ã‚’é–‹å‚¬ ï¼ å½“ç¤¾ã¯ã€2025å¹´3æœˆ14æ—¥ï¼ˆé‡‘ï¼‰ã€ç¥å¥ˆå·çœŒå·å´å¸‚ã®äº¬æ€¥å·å´é§…éš£æ¥ã®ã‚¦ã‚£ãƒ³ã‚°ã‚­ãƒƒãƒãƒ³äº¬ â€¦
Cantabria Labs,Annual Report,N/A,Corporate PDF,Cantabria Labs | Science that cares,https://www.cantabrialabs.com/,"About Cantabria Labs Our story Vision, mission, and values Cantabria Labs Foundation Other Businesses Environmental commitment Sponsorships Join the team Science on Your Skin Our brands Product â€¦"
Cantabria Labs,Annual Report,N/A,Corporate PDF,TÃ­tulo del documento - cantabrialabs.com,https://www.cantabrialabs.com/es/dam/jcr:ded8e163-91af-471a-a22d-a3dc13b1d378/CL_Codigo_Conducta_Cantabria+(1).pdf,"Cantabria Labs realiza negocios alrededor de todo el mundo llevando a cabo una amplia variedad de actividades, que incluyen investigaciÃ³n, fabricaciÃ³n, marketing y ventas."
Germaine de Capuccini,Annual Report,N/A,Corporate PDF,Are Nature-Based Solutions and Blockchain the Future of Carbon â€¦,https://globalcarbonfund.com/carbon-news/are-nature-based-solutions-and-blockchain-the-future-of-carbon-credits/,"18 de ago. de 2025 Â· An analysis showed, this year, over 60% of new carbon credit platforms adopted blockchain, particularly in agriculture and forestry. It was for enhancing transparency, speeding â€¦"
Germaine de Capuccini,Annual Report,N/A,Corporate PDF,"Regen Network empowers communities to coordinate, fund, and verify ...",https://www.regen.network/,"With deep expertise in ecosystem science, blockchain architecture, and claims infrastructure, we can help you in deploying registry systems, designing assets, integrating our tech stack, and scaling the â€¦"
Sesderma,Annual Report,N/A,Corporate PDF,"ØªÙ†Ø²ÙŠÙ„ ØªØ·Ø¨ÙŠÙ‚ ""ØªØ±Ø¬Ù…Ø© Google"" ÙˆØ§Ø³ØªØ®Ø¯Ø§Ù…Ù‡",https://support.google.com/translate/answer/6350850?hl=ar&co=GENIE.Platform=Desktop,"ÙŠØªÙŠØ­ Ù„Ùƒ ØªØ·Ø¨ÙŠÙ‚ ""ØªØ±Ø¬Ù…Ø© Google"" ØªØ±Ø¬Ù…Ø© Ù†Øµ Ø£Ùˆ ÙƒØªØ§Ø¨Ø© Ø¨Ø®Ø· Ø§Ù„ÙŠØ¯ Ø£Ùˆ ØµÙˆØ± Ø£Ùˆ ÙƒÙ„Ø§Ù… Ø¨Ø£ÙƒØ«Ø± Ù…Ù† 200 Ù„ØºØ©ØŒ ÙˆÙŠÙ…ÙƒÙ†Ùƒ Ø£ÙŠØ¶Ù‹Ø§ Ø§Ø³ØªØ®Ø¯Ø§Ù… Ø§Ù„ØªØ·Ø¨ÙŠÙ‚ Ø¹Ù„Ù‰ Ø§Ù„ÙˆÙŠØ¨. Ø¨Ø¥Ù…ÙƒØ§Ù†Ùƒ Ø§Ù„Ø§Ø³ØªÙØ§Ø¯Ø© Ù…Ù† ""ØªØ±Ø¬Ù…Ø© â€¦"
Sesderma,Annual Report,N/A,Corporate PDF,ØªØ±Ø¬Ù…Ø© ÙƒÙ„Ù…Ø§Øª Ù…ÙƒØªÙˆØ¨Ø©,https://support.google.com/translate/answer/6142478?hl=ar&co=GENIE.Platform=Desktop,"ÙŠÙ…ÙƒÙ†Ùƒ ØªØ±Ø¬Ù…Ø© Ù…Ø§ ÙŠØµÙ„ Ø¥Ù„Ù‰ 5,000 Ø­Ø±Ù ÙÙŠ ÙƒÙ„ Ù…Ø±Ø© ÙŠØªÙ… ÙÙŠÙ‡Ø§ Ù†Ø³Ø® Ø§Ù„Ù†Øµ ÙˆÙ„ØµÙ‚Ù‡. Ø¹Ù„Ù‰ Ø§Ù„ÙƒÙ…Ø¨ÙŠÙˆØªØ±ØŒ Ø§ÙØªØ­ ØªØ±Ø¬Ù…Ø© Google. ÙÙŠ Ø£Ø¹Ù„Ù‰ Ø§Ù„Ø´Ø§Ø´Ø©ØŒ Ø§Ø®ØªÙØ± Ø§Ù„Ù„ØºØªÙÙŠÙ† Ø§Ù„Ù„ØªÙÙŠÙ† ØªØ±ÙŠØ¯ Ø§Ù„ØªØ±Ø¬Ù…Ø© Ø¨ÙŠÙ†Ù‡Ù…Ø§. Ù…Ù†: â€¦"
Cinfa,Annual Report,N/A,Corporate PDF,Cinfa: El laboratorio farmacÃ©utico mÃ¡s presente en hogares espaÃ±oles,https://www.cinfa.com/,Cinfa es un laboratorio que te ofrece soluciones farmacÃ©uticas de calidad para tu salud y bienestar. Porque en Cinfa nos mueve la vida. â€¦
Cinfa,Annual Report,N/A,Corporate PDF,Cinfa International. Salud de calidad accesible,https://www.cinfainternational.com/,Â© 2024 LABORATORIOS CINFA Cinfa EspaÃ±a | Aviso legal | PolÃ­tica de privacidad | PolÃ­tica de cookies
Almirall,Annual Report,N/A,Corporate PDF,Almirall,https://www.almirall.es/,Almirall
Almirall,Annual Report,N/A,Corporate PDF,Contacto IR - almirall.es,https://www.almirall.es/documents/portlet_file_entry/4406935/About+Almirall+SPA.pdf/5cd5a093-7e12-7e80-bdd4-33087396663c?download=true,Almirall es una compaÃ±Ã­a biofarmacÃ©utica global enfocada en la salud de la piel. Colaboramos con cientÃ­ficos y profesionales de la salud para abordar las necesidades del paciente a travÃ©s de la â€¦
Grifols,Annual Report,N/A,Corporate PDF,Soluciones BiofarmacÃ©uticas y Sanitarias | Grifols,https://www.grifols.com/es/home,"Grifols es una compaÃ±Ã­a global lÃ­der en el sector de la salud. Nuestros innovadores medicamentos derivados del plasma, otros productos â€¦"
Grifols,Annual Report,N/A,Corporate PDF,"Grifols - Wikipedia, la enciclopedia libre",https://es.wikipedia.org/wiki/Grifols,La historia de Grifols empezÃ³ en 1909 cuando el hematÃ³logo y cientÃ­fico Josep Antoni GrÃ­fols i Roig fundÃ³ un laboratorio de anÃ¡lisis clÃ­nicos â€¦
Mercadona,Annual Report,N/A,Corporate PDF,Mercadona,https://www.mercadona.es/,"Empieza tu compra online en Mercadona, encuentra nuestros supermercados mÃ¡s cercanos o descubre cÃ³mo trabajar con nosotros"
Mercadona,Annual Report,N/A,Corporate PDF,Portal de Empleo - Mercadona,https://mercadona.avature.net/es_ES/Careers/Home,"QuÃ© te ofrecemos Estabilidad econÃ³mica En Mercadona te necesitamos, nos gustarÃ­a contar contigo a largo plazo y proporcionarte estabilidad."
Estrella Galicia,Annual Report,N/A,Corporate PDF,estrellaæ˜¯ä»€ä¹ˆæ„æ€ï¼Ÿ_ç™¾åº¦çŸ¥é“,https://zhidao.baidu.com/question/691560645573599132.html,Estrella ä½œä¸ºä¸€ä¸ªå¥³å­©çš„åå­—æ˜¯æ‹‰ä¸è¯­æ´¾ç”Ÿçš„ï¼Œåå­—Estrellaæ„å‘³ç€â€œæ˜ŸçŠ¶-çˆ±â€ã€‚ Estrellaæ˜¯é˜¿æ–¯å¡”ï¼ˆå¸Œè…Šè¯­ï¼Œå¤è€çš„è¯ºæ–¯ï¼‰çš„ç‰ˆæœ¬ï¼šä¹Ÿ â€¦
Estrella Galicia,Annual Report,N/A,Corporate PDF,estrellaæ˜¯ä»€ä¹ˆæ„æ€? - ç™¾åº¦çŸ¥é“,https://zhidao.baidu.com/question/719589661915716125.html,Estrella ä½œä¸ºä¸€ä¸ªå¥³å­©çš„åå­—æ˜¯ æ‹‰ä¸è¯­ æ´¾ç”Ÿçš„ï¼Œåå­—Estrellaæ„å‘³ç€â€œæ˜ŸçŠ¶-çˆ±â€ã€‚ Estrellaæ˜¯ é˜¿æ–¯å¡” ï¼ˆå¸Œè…Šè¯­ï¼Œå¤è€çš„è¯ºæ–¯ï¼‰çš„ç‰ˆæœ¬ï¼š â€¦
Mahou,Annual Report,N/A,Corporate PDF,The Fast Remote Desktop Application â€“ AnyDesk,https://anydesk.com/en,"Discover AnyDesk, the secure and intuitive remote desktop app with innovative features, perfect for seamless remote desktop application across devices."
Mahou,Annual Report,N/A,Corporate PDF,Remote Desktop Software for Windows | AnyDesk,https://anydesk.com/en/downloads/windows,Download AnyDesk for Windows to access and control your devices remotely with the best free remote desktop software tailored for seamless work.
Osborne,Annual Report,N/A,Corporate PDF,Bipolar Disorder - National Institute of Mental Health (NIMH),https://www.nimh.nih.gov/health/publications/bipolar-disorder,"Information on bipolar disorder including symptoms, causes, diagnosis, treatment options, and resources to find help for â€¦"
Osborne,Annual Report,N/A,Corporate PDF,Bipolar Disorder (Manic Depression): Symptoms & Treatmâ€¦,https://my.clevelandclinic.org/health/diseases/9294-bipolar-disorder,12 de abr. de 2022 Â· What is bipolar disorder? Bipolar disorder (formerly known as manic-depressive illness or manic â€¦
Cinco Jotas,Annual Report,N/A,Corporate PDF,Cinco DÃ­as: economÃ­a y mercados,https://cincodias.elpais.com/,"Hace 1 dÃ­a Â· Noticias de Ãºltima hora sobre economÃ­a, mercados, pymes y emprendedores, empresas, finanzas y â€¦"
Cinco Jotas,Annual Report,N/A,Corporate PDF,Ibex 35: cotizaciÃ³n en Bolsa | Mercados en Cinco DÃ­as,https://cincodias.elpais.com/mercados/bolsa/ibex-35/,"Hace 1 dÃ­a Â· CotizaciÃ³n del Ibex 35 en directo: empresas, acciones, capital, rentabilidad, grÃ¡ficos, cierre, histÃ³ricos y â€¦"
Joselito Ham,Annual Report,N/A,Corporate PDF,"è¥¿ç­ç‰™ç«è…¿å°ä½•èµ›ï¼ˆJOSELITOï¼‰""åè…¿åˆ‡ç‰‡å’Œå‰è…¿åˆ‡ç‰‡çš„åŒºåˆ«ï¼Ÿå°ä½• â€¦",https://www.zhihu.com/question/498869683,14 de nov. de 2021 Â· è¥¿ç­ç‰™ç«è…¿ å°ä½•èµ›ï¼ˆJOSELITOï¼‰æ ¹æ®ç«è…¿ä½ç½®çš„ä¸åŒåˆ†ä¸ºä¸¤ç§ã€‚ JAMON (HAM) æ¥è‡ªçŒªçš„åè…¿ï¼ŒPALETA (Shoulder) æ¥è‡ªçŒªçš„å‰è…¿ã€‚ åè…¿è¾ƒå‰è…¿æœ‰æ›´å¤šç»†å¾®å·®åˆ«ï¼Œåè…¿æ¯”å‰è…¿æ›´å¤š â€¦
Joselito Ham,Annual Report,N/A,Corporate PDF,ä¸ºä»€ä¹ˆè¥¿ç­ç‰™ç«è…¿å°ä½•èµ›ï¼ˆJOSELITOï¼‰ç›¸æ¯”å…¶ä»–ç«è…¿æ¯”è¾ƒè‚¥ï¼Ÿ,https://www.zhihu.com/question/498859631,14 de nov. de 2021 Â· å› ä¸ºè¥¿ç­ç‰™å°ä½•èµ›ç«è…¿çš„åŸæ–™é€‰è‡ª ä¼Šæ¯”åˆ©äºšçŒª ï¼ˆå¤§ï¼Œé‡ï¼Œè‚¥ï¼‰æ¥ç”Ÿäº§ã€‚è„‚è‚ªå†³å®šäº†ä¸€ä¸ªå¥½ç«è…¿çš„è´¨åœ°ã€é¦™å‘³å’Œé£å‘³ã€‚è‚¥æ‰æ˜¯çœŸæ­£çš„ è¥¿ç­ç‰™ç«è…¿ å°ä½•èµ›ï¼ˆJOSELITOï¼‰ã€‚å°ä½•èµ›çš„çŒªä»¥ â€¦
Vega Sicilia,Annual Report,N/A,Corporate PDF,Weather Radar - Questions/Rejected/NotABug - X-Plane.Org Forum,https://forums.x-plane.org/forums/topic/317751-weather-radar/,"26 de sept. de 2024 Â· Hi there, Flying the 777 has been great, and the system depth and features are stunning. However, I have not been able to find much on weather radar usage in the FCOM or Cockpit â€¦"
Vega Sicilia,Annual Report,N/A,Corporate PDF,VisualXP Weather Enhancement Engine - X-Plane.Org Forum,https://forums.x-plane.org/forums/topic/283971-visualxp-weather-enhancement-engine/,"19 de feb. de 2023 Â· Let's Thank Laminar Research for the outstanding work they did in X-Plane 12, especially what they have done for the Weather system. Anyway, we have a plugin that enhances the â€¦"
Familia Torres,Annual Report,N/A,Corporate PDF,æœ‰å“ªäº›ä¸‹è½½ed2kçš„è½¯ä»¶ï¼Ÿ - çŸ¥ä¹,https://www.zhihu.com/question/66632151?sort=created,éƒ½æ˜¯ä¸€äº›æ— è‰¯çš„æ¨èï¼Œä¸Šé¢é—®å¯ä»¥ä¸‹è½½ed2kçš„è½¯ä»¶ï¼Œä½ ä»¬å›ç­”é—®é¢˜ä¹‹å‰éƒ½è¯•äº†å—ï¼Ÿæ¨è BitComet æ¯”ç‰¹å½—æ˜Ÿã€ Motrix ã€ qBittorrent ã€ uTorrent ã€BitCometï¼Œæ–‡ä»¶èœˆèš£ï¼ŒFDMï¼Ÿéƒ½æ˜¯btå’Œç£åŠ›é“¾é‚£ä¸ªèƒ½ä¸‹ â€¦
Familia Torres,Annual Report,N/A,Corporate PDF,ç”Ÿç‰©ä¸Šæœ‰æ²¡æœ‰æŸä¸ªå±ï¼ˆgenusï¼‰ä¸å±äºå…¶åŒåç§‘ï¼ˆfamiliaï¼‰çš„ä¾‹å­ï¼Ÿ,https://www.zhihu.com/question/401842247,ç”Ÿç‰©ä¸Šæœ‰æ²¡æœ‰æŸä¸ªå±ï¼ˆgenusï¼‰ä¸å±äºå…¶åŒåç§‘ï¼ˆfamiliaï¼‰çš„ä¾‹å­ï¼Ÿ ä¾‹å¦‚ï¼Œå‡è®¾å› ä¸ºåˆ†ç±»å˜åŠ¨ï¼Œå¯¼è‡´è”·è–‡å±ï¼ˆRosaï¼‰è¢«ç§»åŠ¨åˆ°åˆ«çš„ç§‘ï¼Œä½†è”·è–‡ç§‘ï¼ˆRosaceaeï¼‰å´æ²¡æœ‰è¢«æ”¹åã€‚ æŠ‘æˆ–æ˜¯è¿™ç§æƒ…å†µä¸‹ï¼ŒåŒåç§‘ â€¦
Freixenet,Annual Report,N/A,Corporate PDF,SaaS and Multitenant Solution Architecture - Azure Architecture Center,https://learn.microsoft.com/en-us/azure/architecture/guide/saas-multitenant-solution-architecture/,"17 de dic. de 2025 Â· This guide provides an overview of the architectural content for software as a service (SaaS), startups, and multitenancy and guidance about how to architect multitenant solutions â€¦"
Freixenet,Annual Report,N/A,Corporate PDF,Letâ€™s Architect! Building multi-tenant SaaS systems,https://aws.amazon.com/blogs/architecture/lets-architect-building-multi-tenant-saas-systems/,"26 de sept. de 2024 Â· Software as a Service (SaaS) applications offer a transformative solution for businesses worldwide, delivering on-demand software solutions to a global audience. However, â€¦"
Deoleo,Annual Report,N/A,Corporate PDF,Kunststof kozijnen inclusief montage | ALKU,https://alku.nl/kunststof-kozijnen/inclusief-montage,Wat is de prijs van kunststof kozijnen inclusief montage? Maar wat zijn de kosten van kunststof kozijnen inclusief â€¦
Deoleo,Annual Report,N/A,Corporate PDF,Kunststof Kozijnen Incl Montage | Vanaf â‚¬299 | Rebu Kozijnen,https://rebukozijnen.nl/kunststof-kozijnen-inclusief-montage/,Complete kunststof kozijnen inclusief professionele montage al vanaf â‚¬299. Kies voor kwaliteit en duurzaamheid. Rebu â€¦
El Pozo,Annual Report,N/A,Corporate PDF,"è¯·é—®ä»€ä¹ˆæ˜¯GL, EL, GLE, ELE, ELCï¼Ÿ_ç™¾åº¦çŸ¥é“",https://zhidao.baidu.com/question/1777847180870318700.html,"5 de nov. de 2023 Â· è¯·é—®ä»€ä¹ˆæ˜¯GL, EL, GLE, ELE, ELCï¼Ÿå°åŒºåŸŸèŒƒå›´çš„å»ºç­‘ï¼ŒGLä½œä¸ºå›¾é¢æ ‡ç¤ºé«˜ç¨‹çš„æ–¹å¼ï¼Œä»¥è®¡ç®—å’Œé“è·¯çš„é«˜å·®ã€‚GLï¼ˆGround Levelï¼‰æ˜¯ç›¸å¯¹é«˜ç¨‹ï¼Œå¸¸ç”¨å…¬åˆ†ä½œå•ä½ã€‚è­¬å¦‚æŒ‡å®šé“è·¯æŸå¤„ â€¦"
El Pozo,Annual Report,N/A,Corporate PDF,æŠ¤ç…§emå’Œelæœ‰ä»€ä¹ˆåŒºåˆ« - ç™¾åº¦çŸ¥é“,https://zhidao.baidu.com/question/1587382118119433900.html,"12 de dic. de 2024 Â· æŠ¤ç…§å·ç ä¸­çš„""EM""ä¸""EL""å‰ç¼€ä»£è¡¨äº†ä¸åŒçš„ç­¾å‘æ—¶é—´å’Œæ‰¹æ¬¡ã€‚éšç€æŠ¤ç…§éœ€æ±‚çš„å¢åŠ ï¼Œä¸ºäº†æ»¡è¶³æ›´å¤šçš„ç¼–å·éœ€æ±‚ï¼Œå‰ç¼€çš„ä½æ•°å¯èƒ½ä»ä¸€ä½å¢åŠ åˆ°äº†ä¸¤ä½ã€‚å› æ­¤ï¼Œâ€œEMâ€ä¸â€œELâ€åªæ˜¯è¡¨ç¤ºåœ¨ â€¦"
Valor Chocolates,Annual Report,N/A,Corporate PDF,[Python 3.X] afficher compteur avec tkinter - Tkinter Python,https://www.developpez.net/forums/d1507005/autres-langages/python/gui/tkinter/afficher-compteur-tkinter/,"18 de mar. de 2015 Â· Bonjour, dÃ©butant en python et tkinter, je voudrais essayer de faire un jeu (le jeu du plus ou moins) avec tkinter: j'y arrive mais je n'arrive pas Ã  afficher un compteur du nombre de coups â€¦"
Valor Chocolates,Annual Report,N/A,Corporate PDF,Ouverture formulaire par double clic dans un liste,https://www.developpez.net/forums/d1329538/logiciels/microsoft-office/access/ouverture-formulaire-double-clic-liste/,"9 de abr. de 2013 Â· Bonjour, Le problÃ¨me provient du code Ã  ecrire dans la ligne WHERE de la macro pour rÃ©cupÃ©rer le registre double cliquer d'une liste. Fonctionnement BD : Dans un formulaire A, une liste â€¦"
Banco Santander,Annual Report,N/A,Corporate PDF,bancoä»€ä¹ˆæ„æ€ - ç™¾åº¦çŸ¥é“,https://zhidao.baidu.com/question/372702742779380052.html,24 de jul. de 2024 Â· bancoä»€ä¹ˆæ„æ€Bancoçš„æ„æ€æ˜¯é“¶è¡Œã€‚å…³äºBancoè¿™ä¸ªè¯çš„è§£é‡Šå¦‚ä¸‹ï¼šä¸€ã€åŸºç¡€å«ä¹‰Bancoåœ¨è¥¿ç­ç‰™è¯­ä¸­ç›´æ¥ â€¦
Banco Santander,Annual Report,N/A,Corporate PDF,ä¸­ä¿¡é“¶è¡Œäººå·¥æœåŠ¡ç”µè¯æ˜¯å¤šå°‘ - ç™¾åº¦çŸ¥é“,https://zhidao.baidu.com/question/274900969233475365.html,10 de nov. de 2023 Â· ä¸­ä¿¡é“¶è¡Œäººå·¥æœåŠ¡ç”µè¯æ˜¯å¤šå°‘ ä¸­ä¿¡é“¶è¡Œå®¢æœç”µè¯äººå·¥æœåŠ¡ï¼šæ‹¨æ‰“ä¸­ä¿¡é“¶è¡Œ95558â€”â€”æŒ‰1é€‰æ‹©ä¸­ä¿¡é“¶è¡Œâ€”â€”æŒ‰0 â€¦
BBVA,Annual Report,N/A,Corporate PDF,Banca Online | BBVA EspaÃ±a | BBVA,https://www.bbva.es/personas/banca-online.html,BBVA ha desarrollado una banca online que hace tu vida mÃ¡s fÃ¡cil. Descubre las funcionalidades de la banca online que puedes hacer con tu mÃ³vil.
BBVA,Annual Report,N/A,Corporate PDF,BBVA | AcompaÃ±ar tu voluntad de llegar mÃ¡s lejos | Banco BBVA,https://www.bbva.com/es/,"BBVA te trae la mejor informaciÃ³n sobre economÃ­a, salud financiera, innovaciÃ³n y sostenibilidad. AdemÃ¡s de nuestros podcast. Descubre cÃ³mo nos transformamos continuamente como banco para â€¦"
CaixaBank,Annual Report,N/A,Corporate PDF,CaixaBank y sus comisiones relacionadas con hipotecas (crÃ©dito abierto),https://www.foroantiusura.org/threads/65081-CaixaBank-y-sus-comisiones-relacionadas-con-hipotecas-(crÃ©dito-abierto),"17 de ene. de 2024 Â· Buenos dÃ­as, *Por cierto, no veo subforo adecuado para consultas generales sobre reclamaciones, asÃ­ que lo pongo en Ã©steo Hice un primera hipoteca con este banco, y aÃ±os mÃ¡s tarde la â€¦"
CaixaBank,Annual Report,N/A,Corporate PDF,"CAIXABANK, CAMBIO DE CONDICIONES (NO HE COMPRADO â€¦",https://www.foroantiusura.org/threads/53758-CAIXABANK-CAMBIO-DE-CONDICIONES-(NO-HE-COMPRADO-NINGUN-PRODUCTO),25 de feb. de 2020 Â· Este mes ya no he cobrado la pensiÃ³n por CaixaBank y supongo que lo sabrÃ­an porque estoy muy descontenta con ellos aparte que les hice llegar al SAC las cartas correspondientes a â€¦
Mapfre,Annual Report,N/A,Corporate PDF,Low-Cost Airfare the Way You Want It | Spirit Airlines,https://www.spirit.com/,Book low-cost flights to exciting destinations with Spirit Airlines. Enjoy affordable travel and incredible deals. Plan your trip today and fly â€¦
Mapfre,Annual Report,N/A,Corporate PDF,Book Low-Fare Flights Today | Spirit Airlines,https://www.spirit.com/en/flights,Find the best deals on flights to popular destinations with Spirit Airlines. Book today to save on your next adventure and enjoy â€¦
Mutua MadrileÃ±a,Annual Report,N/A,Corporate PDF,"Microsoft â€“ AI, Cloud, Productivity, Computing, Gaming & Apps",https://www.microsoft.com/en-us,"Explore Microsoft products and services and support for your home or business. Shop Microsoft 365, Copilot, Teams, Xbox, Windows, â€¦"
Mutua MadrileÃ±a,Annual Report,N/A,Corporate PDF,Microsoft account | Sign In or Create Your Account Today â€“ Microsoft,https://account.microsoft.com/account,"Get access to free online versions of Outlook, Word, Excel, and PowerPoint."
Cirsa,Annual Report,N/A,Corporate PDF,CIRSA - Multinacional lÃ­der en el sector del juego y ocio,https://www.cirsa.com/,CIRSA anuncia la adquisiciÃ³n de una de las operadoras lÃ­deres de mÃ¡quinas recreativas y juegos de azar de la Comunidad Valenciana 25 â€¦
Cirsa,Annual Report,N/A,Corporate PDF,CIRSA - Multinational company in gaming and entertainment sector,https://www.cirsa.com/en/,"25 Nov 2025 CIRSA reports 182,8 million euros in operating profit for the third quarter of 2025 21 Nov 2025 CIRSA promotes the circular â€¦"
Codere,Annual Report,N/A,Corporate PDF,Apuestas Deportivas y Casino Â» Bono hasta 200â‚¬ | CodereÂ®,https://www.codere.es/,"Codere: La Casa de Apuestas Deportivas en EspaÃ±a Â¡Bienvenido a Codere.es, la casa lÃ­der en apuestas deportivas online en EspaÃ±a! Si vives el deporte con pasiÃ³n, este es tu sitio. Disfruta de â€¦"
Codere,Annual Report,N/A,Corporate PDF,El Casino Online #1 de EspaÃ±a Â» Bono hasta 200â‚¬ | CodereÂ®,https://www.codere.es/casino,"Juega y diviÃ©rtete en el Casino en LÃ­nea de Codere ğŸ². Disfruta de ruleta, blackjack, slots y mÃ¡s juegos en vivo. Â¡Vive la emociÃ³n y apuesta en grande!"
Seat,Annual Report,N/A,Corporate PDF,"seating, sitting, seat, seatedæ˜¯ä»€ä¹ˆåŒºåˆ«ï¼Ÿ_ç™¾åº¦çŸ¥é“",https://zhidao.baidu.com/question/2022325641210237068.html,"27 de nov. de 2023 Â· seating, sitting, seat, seated æ˜¯è‹±è¯­ä¸­ä¸åç›¸å…³çš„ä¸åŒå•è¯ï¼Œå®ƒä»¬çš„ç”¨æ³•å’Œå«ä¹‰å¦‚ä¸‹ï¼š 1.seating: æŒ‡åº§ä½ã€åº§ â€¦"
Seat,Annual Report,N/A,Corporate PDF,ä½œä¸ºåŠ¨è¯ï¼Œã€seatã€‘å’Œã€sitã€‘çš„æ„æ€æœ‰ä»€ä¹ˆä¸ä¸€æ ·ï¼Ÿ - çŸ¥ä¹,https://www.zhihu.com/question/13814732084,seatï¼šHe is seated at the back of the classroom. sitï¼šHe sits at the back of the classroom. ä¸Šå¥ä¸ºè¢«åŠ¨è¯­æ€ï¼Œä¸‹å¥ä¸ºä¸»åŠ¨è¯­ â€¦
Cupra,Annual Report,N/A,Corporate PDF,[Topic Officiel] Cupra Leon (2024) - Forum-Auto,https://forum-auto.caradisiac.com/topic/646241-topic-officiel-cupra-leon-2024/,30 de abr. de 2024 Â· Coucou @fredyker Je viens de recevoir une invitation de la concession cupra Ã  une heure de chez moi pour le week-end â€¦
Cupra,Annual Report,N/A,Corporate PDF,[Topic Officiel] Cupra Terramar (2024) - Forum-Auto,https://forum-auto.caradisiac.com/topic/542258-topic-officiel-cupra-terramar-2024/page/2/,"7 de jun. de 2022 Â· Cupra reste, pour moi, un cran en dessous en tÃ©moigne des Ã©quipements, des finitions, moins poussÃ©es / abouties (mÃªme si â€¦"
Cecotec,Annual Report,N/A,Corporate PDF,Cecotec - El Chapuzas InformÃ¡tico,https://foro.elchapuzasinformatico.com/threads/cecotec.107625/,"9 de abr. de 2020 Â· Hola, quÃ© opiniÃ³n os merece Ã©sta marca, estoy valorando comprar el robot aspiradora conga 5090 de cecotec y la aspiradora vertical Cecotec Conga Rockstar 600 Hero, hay â€¦"
Cecotec,Annual Report,N/A,Corporate PDF,Avis marque Cecotec - Vente en ligne - Forum Que Choisir,https://forum.quechoisir.org/avis-marque-cecotec-t203935.html,"1 de feb. de 2019 Â· Avis marque Cecotec Messagepar AlexBaldo Â» ven. fÃ©vr. 01, 2019 12:38 pm Bonjour, Je cherche une cafetiÃ¨re type nespresso mais sans capsules et sur plusieurs sites de vente en ligne â€¦"
